question,answer
What makes the sky blue,Sunlight scatters in the atmosphere and blue wavelengths scatter the most
Why do sunsets look red,Longer wavelengths like red and orange scatter less when the sun is low
What are clouds made of,Tiny water droplets or ice crystals suspended in the air
Why do clouds float,Warm rising air keeps droplets aloft until they grow heavy enough to fall
What causes rainbows,Light refracts reflects and disperses inside raindrops
Why is the sky darker at high altitudes,There is less atmosphere to scatter sunlight
What is the Milky Way in the sky,A band of light from billions of stars in our galaxy
Why do stars appear to twinkle,Atmospheric turbulence bends starlight as it reaches your eyes
What is a shooting star,A small meteoroid burning up in Earth’s atmosphere
Why does the moon look bigger near the horizon,A perceptual effect known as the moon illusion
What causes thunderstorms,Warm moist air rises rapidly creating strong updrafts
What is the ozone layer,A region of the atmosphere that absorbs harmful UV radiation
Why do airplanes leave white trails,Water vapor from engines condenses into ice crystals
What are cirrus clouds,Thin wispy clouds that form high in the atmosphere
What are cumulonimbus clouds,Tall storm clouds capable of lightning and heavy rain
What causes the aurora borealis,Solar particles interacting with Earth’s magnetic field
Why is the night sky dark,Space is mostly empty so little light reaches us except from stars
What is light pollution,Artificial light that brightens the night sky and hides stars
Why does the sky change with the seasons,Earth’s orbit changes which stars and constellations are visible
What is fog,A cloud that forms at ground level
What causes hail,Hail forms when strong updrafts lift raindrops into freezing layers of clouds
Why do clouds turn dark before rain,Thicker clouds block more sunlight making them appear darker
What is a sun halo,A ring of light caused by ice crystals bending sunlight
What is a solar eclipse,The moon passing between Earth and the sun
What is a lunar eclipse,Earth passing between the sun and the moon
Why does the sky look white on hazy days,Tiny particles scatter all wavelengths of light evenly
What is the troposphere,The lowest layer of the atmosphere where weather occurs
What is the stratosphere,The layer above the troposphere containing the ozone layer
What is a jet stream,A fast-moving ribbon of air high in the atmosphere
Why do birds fly in the sky,Birds use air currents and wings to generate lift
What is atmospheric pressure,The weight of the air pressing down on Earth
Why does pressure drop before storms,Storm systems pull air upward reducing surface pressure
What is a mirage,A visual illusion caused by light bending through layers of hot air
Why is the sky black in space,There is no atmosphere to scatter sunlight
What are noctilucent clouds,High-altitude clouds that glow after sunset
What is a supermoon,A full moon that appears larger because it is closer to Earth
What causes lightning,Electrical charges building up in storm clouds
What causes thunder,The rapid expansion of air heated by lightning
What is a weather front,A boundary between two different air masses
Why do some clouds look fluffy,They contain rising warm air that forms rounded shapes
What is smog,A mix of smoke and fog caused by pollution
What is a star,Massive glowing balls of gas producing light and heat
Why do planets not twinkle,Planets appear larger in the sky so atmospheric distortion affects them less
What is the horizon,The line where the sky appears to meet the ground
Why does the sky look pink sometimes,Small particles scatter red and blue light together creating pink hues
What is a cloudburst,A sudden heavy downpour from a small area of a cloud
What is a weather balloon,A balloon carrying instruments to measure atmospheric conditions
What is a barometer,A tool used to measure air pressure
What is ultraviolet light,High-energy light from the sun mostly blocked by the ozone layer
What is the ionosphere,A charged layer of the atmosphere that reflects radio waves
Why do people feel groggy in the morning,The body is shifting from sleep hormones to wakefulness
What causes morning dew,Moisture condenses on cool surfaces when temperatures drop overnight
Why is the morning usually cooler,The sun has not yet warmed the ground and air
Why do birds sing in the morning,Birds use dawn songs to mark territory and communicate
Why does the sun rise in the east,Earth rotates west to east
What causes morning fog,Cool air near the ground condenses moisture into tiny droplets
Why do some people wake up before their alarm,Their internal body clock anticipates the wake time
Why is breakfast considered important,It replenishes energy after overnight fasting
Why do roosters crow in the morning,They respond to light and use crowing to signal territory
Why does the sky look pale in the morning,Low sun angle scatters light differently
Why do people stretch after waking,Stretching increases blood flow and loosens muscles
Why do mornings feel quiet,Human activity is lower and sound travels differently in cool air
Why do some insects appear only in the morning,They prefer cooler temperatures and morning moisture
Why do windows fog up in the morning,Condensation forms when warm indoor air meets cold glass
Why does coffee wake people up,Caffeine blocks adenosine a chemical that causes drowsiness
Why do some people sneeze in bright morning light,It’s a reflex called the photic sneeze response
Why does the sun look red at sunrise,Light travels through more atmosphere scattering blue wavelengths
Why do mornings smell fresh,Cool temperatures trap scents and dew reduces dust
Why do shadows look long in the morning,The sun is low on the horizon
Why do people feel stiff in the morning,Muscles and joints are less active during sleep
Why do pets get energetic in the morning,They follow natural circadian rhythms
Why does milk taste different in the morning,Your senses are more sensitive after rest
Why do some people wake up hungry,The body has used stored energy overnight
Why do alarms feel louder in the morning,The brain is transitioning from sleep to alertness
Why do mornings feel peaceful,Natural light and lower noise levels create calmness
Why does the morning sun feel gentle,Its rays are less direct early in the day
Why do people check the weather in the morning,It helps plan the day’s activities
Why do plants look refreshed in the morning,They absorb moisture from dew
Why do some flowers open in the morning,They respond to sunlight and temperature
Why do people yawn after waking,Yawning increases oxygen and alertness
Why does the air feel crisp in the morning,Cool temperatures reduce humidity
Why do some animals hunt in the morning,It’s cooler and prey is more active
Why do mornings feel shorter on busy days,Tasks compress time perception
Why do people drink water first thing,It rehydrates the body after sleep
Why do mornings feel harder in winter,Cold temperatures and late sunrise affect energy
Why do some people wake up with dry mouth,Breathing through the mouth overnight causes dryness
Why do birds fly in groups in the morning,They travel to feeding areas after sunrise
Why does the morning sun help wake you up,Light suppresses melatonin
Why do some people wake up with headaches,Dehydration or sleep position can contribute
Why does cereal get soggy quickly in the morning,Milk breaks down starch in the flakes
Why do people check their phones first thing,It’s become a habit tied to information seeking
Why do some people feel anxious in the morning,Stress hormones peak early in the day
Why do mornings feel different on weekends,Changes in routine affect perception
Why do people shower in the morning,It increases alertness and refreshes the body
Why do some people wake up before sunrise,Their circadian rhythm is naturally early
Why does toast smell strong in the morning,Senses are heightened after sleep
Why do people make their bed in the morning,It creates order and signals the start of the day
Why do some people wake up cold,Body temperature drops during sleep
Why do mornings feel brighter after rain,Clean air scatters sunlight more efficiently
Why do people meditate in the morning,It sets a calm tone for the day
Why do some people wake up sweating,Temperature changes or vivid dreams can cause it
Why does the morning commute feel stressful,Time pressure and traffic increase tension
Why do people brush their teeth in the morning,To remove bacteria that build up overnight
Why do some people wake up with puffy eyes,Fluid collects around the eyes during sleep
Why does the morning sun cast soft light,It passes through more atmosphere
Why do people check the news in the morning,To stay informed for the day
Why do some people feel dizzy when standing up,Low blood pressure after lying down can cause it
Why do mornings feel slow after a late night,The body hasn’t fully recovered
Why do people drink tea in the morning,It provides warmth and mild stimulation
Why do some people wake up with a sore throat,Dry air or mouth breathing can cause irritation
Why does the morning sky change colors,Sunlight interacts with particles in the air
Why do people plan their day in the morning,It helps organize tasks and priorities
Why do some people wake up with back pain,Sleeping position or mattress issues contribute
Why do mornings feel calm in nature,Animals and wind activity are lower
Why do people open windows in the morning,Fresh air improves indoor air quality
Why do some people wake up with numb hands,Sleeping position can restrict circulation
Why does the morning sun feel warm quickly,The ground heats rapidly after sunrise
Why do people exercise in the morning,It boosts energy and metabolism
Why do some people wake up with leg cramps,Dehydration or muscle fatigue can cause them
Why does the morning breeze feel cool,Air near the ground cools overnight
Why do people journal in the morning,It helps clear the mind
Why do some people wake up with a stuffy nose,Allergies or dry air can cause congestion
Why does the morning light look golden,Low-angle sunlight creates warm tones
Why do people eat fruit in the morning,It provides quick natural energy
Why do some people wake up with swollen fingers,Fluid retention occurs during sleep
Why does the morning feel quiet in cities,Traffic and activity are lower early in the day
Why do people walk their dogs in the morning,Dogs need exercise and bathroom breaks
Why do some people wake up with dry skin,Low humidity at night can cause dryness
Why does the morning sun help plants grow,It triggers photosynthesis
Why do people read in the morning,It stimulates the mind
Why do some people wake up with stomach growling,The digestive system restarts after fasting
Why does the morning air smell earthy,Dew enhances natural scents
Why do people check their schedule in the morning,It prepares them for the day
Why do some people wake up with shoulder pain,Sleep posture can strain muscles
Why does the morning sky look hazy sometimes,Moisture or pollution scatters light
Why do people drink smoothies in the morning,They provide quick nutrients
Why do some people wake up with tangled hair,Movement during sleep causes friction
Why does the morning sun rise earlier in summer,Earth’s tilt changes daylight hours
Why do people stretch their arms when waking,It activates muscles and joints
Why do some people wake up with itchy eyes,Allergies or dryness can cause irritation
Why does the morning feel rushed for many people,Time pressure increases stress
Why do people make coffee first thing,It’s part of a familiar routine
Why do some people wake up with a racing heart,Stress or vivid dreams can trigger it
Why does the morning sky look pink before sunrise,Sunlight scatters through particles at low angles
Why do people check emails in the morning,It helps them prepare for work
Why do some people wake up with cracked lips,Dehydration or dry air causes it
Why does the morning feel hopeful to many,New beginnings create positive emotion
Why do people feel more motivated in the morning,The brain is refreshed after sleep
Why does the morning sun help regulate sleep cycles,It resets the circadian rhythm
Why do some people wake up with a dry nose,Low humidity overnight can dry nasal passages
Why does the morning air feel cleaner,Pollution settles overnight
Why do people check their bank accounts in the morning,It helps them plan spending for the day
Why do some people wake up with jaw pain,Teeth grinding during sleep can cause soreness
Why does the morning sky sometimes look purple,Light scattering mixes red and blue wavelengths
Why do people prefer quiet mornings,Lower noise levels create a calm environment
Why do some people wake up with blurry vision,Eyes adjust from darkness to light
Why does the morning sun rise at different times,Seasonal changes affect daylight hours
Why do people drink lemon water in the morning,It provides hydration and vitamin C
Why do some people wake up with tight muscles,Lack of movement during sleep causes stiffness
Why does the morning feel slow after heavy meals the night before,Digestion affects sleep quality
Why do people check social media in the morning,It’s become part of modern routines
Why do some people wake up with cold feet,Reduced circulation during sleep can cool extremities
Why does the morning sky look clearer after wind,Wind disperses dust and particles
Why do people take vitamins in the morning,It fits easily into daily routines
Why do some people wake up with ringing ears,Changes in blood pressure or sleep position can trigger it
Why does the morning sun create long shadows,Its low angle stretches shadow length
Why do people open curtains in the morning,Natural light boosts alertness
Why do some people wake up with a bitter taste,Reduced saliva flow overnight allows bacteria to grow
Why does the morning feel peaceful in rural areas,Less traffic and noise create calmness
Why do people eat oatmeal in the morning,It provides slow-release energy
Why do some people wake up with swollen eyelids,Fluid shifts during sleep cause puffiness
Why does the morning sky brighten gradually,Sunlight increases as the sun rises
Why do people check their weight in the morning,It’s the most consistent time of day
Why do some people wake up with a stiff neck,Poor pillow support can strain muscles
Why does the morning air feel humid sometimes,Overnight cooling increases moisture
Why do people walk or jog in the morning,It boosts metabolism and mood
Why do some people wake up with a racing mind,Stress or anticipation can trigger early thoughts
Why does the morning sun feel cooler than afternoon sun,Its rays are less direct
Why do people drink hot drinks in the morning,They provide comfort and warmth
Why do some people wake up with numb legs,Sleeping position can compress nerves
Why does the morning sky look orange before sunrise,Sunlight bends through the atmosphere
Why do people check their calendars in the morning,It helps them organize their day
Why do some people wake up with cracked heels,Dry air and pressure during sleep contribute
Why does the morning feel brighter after snow,Snow reflects sunlight
Why do people tidy their homes in the morning,It creates a sense of order
Why do some people wake up with a sore jaw,Clenching or grinding teeth overnight causes tension
Why does the morning sun help plants bloom,It signals growth cycles
Why do people listen to music in the morning,It boosts mood and energy
Why do some people wake up with dry eyes,Eyelids may not fully close during sleep
Why does the morning sky sometimes look grey,Cloud cover blocks sunlight
Why do people eat eggs in the morning,They provide protein and nutrients
Why do some people wake up with a blocked ear,Fluid or pressure changes can cause blockage
Why does the morning air feel still,Wind speeds are often lower early in the day
Why do people meditate or pray in the morning,It sets a positive tone
Why do some people wake up with a sore back,Mattress firmness or posture can cause strain
Why does the morning sun rise faster than it seems,Earth’s rotation makes the sun appear to move quickly
Why do people drink smoothies in the morning,They offer quick nutrition
Why do some people wake up with a headache behind the eyes,Sleep posture or sinus pressure can cause it
Why does the morning sky look blue after rain,Rain clears dust from the air
Why do people check traffic in the morning,It helps plan travel time
Why do some people wake up with a dry throat,Dehydration or mouth breathing causes dryness
Why does the morning feel colder indoors,Buildings lose heat overnight
Why do people stretch their legs in the morning,It increases circulation
Why do some people wake up with shoulder stiffness,Sleeping on one side can cause tension
Why does the morning sun create glare,Low-angle light reflects strongly
Why do people drink milk in the morning,It provides calcium and protein
Why do some people wake up with a sour stomach,Acid reflux can occur overnight
Why does the morning sky look washed out sometimes,Thin clouds scatter light evenly
Why do people check their messages in the morning,It helps them stay connected
Why do some people wake up with itchy skin,Dry air or irritation can cause it
Why does the morning air smell like rain,Moisture releases earthy compounds
Why do people eat toast in the morning,It’s quick and easy to prepare
Why do some people wake up with swollen ankles,Fluid retention can occur overnight
Why does the morning sun warm the ground quickly,Dark surfaces absorb heat
Why do people plan workouts in the morning,It builds consistency
Why do some people wake up with a metallic taste,Dehydration or medication can cause it
Why does the morning sky look streaked with clouds,Wind shapes cloud patterns
Why do people drink herbal tea in the morning,It provides calm energy
Why do some people wake up with a stiff jaw,Sleep tension can tighten muscles
Why does the morning air feel thin at high altitudes,There is less oxygen
Why do people check their to-do lists in the morning,It helps prioritize tasks
Why do some people wake up with tingling fingers,Nerve compression during sleep can cause it
Why does the morning sun create lens flare in photos,Light hits the camera at a low angle
Why do people eat yogurt in the morning,It supports digestion
Why do some people wake up with a sore hip,Sleep posture can strain joints
Why does the morning sky look silver on cloudy days,Sunlight diffuses through thick clouds
Why do people drink green tea in the morning,It provides antioxidants and mild caffeine
Why do some people wake up with a tight chest,Anxiety or sleep position can contribute
Why does the morning air feel warm in summer,Nighttime temperatures stay higher
Why do people check the time repeatedly in the morning,They’re managing their schedule
Why do some people wake up with a stuffy head,Sinus pressure builds overnight
Why does the morning sun make long beams through trees,Light filters through gaps in leaves
Why do people eat pancakes in the morning,They’re a traditional breakfast food
Why do some people wake up with a sore wrist,Sleeping on the hand can cause strain
Why does the morning sky glow before sunrise,Scattered sunlight illuminates the atmosphere
Why do people drink black coffee in the morning,It provides strong stimulation
Why do some people wake up with a dry nosebleed,Dry air can irritate nasal tissue
Why does the morning air feel heavy before storms,Humidity increases
Why do people check their fitness trackers in the morning,They want to see sleep and activity data
Why do some people wake up with a stiff lower back,Muscle tension builds overnight
Why does the morning sun look soft through fog,Fog diffuses the light
Why do people eat bagels in the morning,They’re filling and convenient
Why do some people wake up with swollen hands,Fluid shifts during sleep cause swelling
Why does the morning sky brighten unevenly,Clouds and terrain affect light distribution
Why do people feel refreshed after a morning shower,It increases circulation and removes sleepiness
Why do some people wake up with a dry cough,Dry air or irritation can trigger it
Why does the morning sky look pale on humid days,Moisture scatters sunlight
Why do people eat granola in the morning,It provides fiber and energy
Why do some people wake up with stiff ankles,Fluid and inactivity overnight can cause stiffness
Why does the morning air feel warm after cloudy nights,Clouds trap heat near the ground
Why do people check their step count in the morning,They want to see how much they moved the day before
Why do some people wake up with a sore tongue,Teeth grinding can cause accidental biting
Why does the morning sun create rainbow colors in mist,Light refracts through water droplets
Why do people drink protein shakes in the morning,They support muscle recovery and energy
Why do some people wake up with a swollen face,Fluid shifts during sleep cause puffiness
Why does the morning sky look bright even before sunrise,Scattered sunlight illuminates the atmosphere
Why do people eat waffles in the morning,They’re a popular breakfast choice
Why do some people wake up with a tight back,Muscles cool and stiffen overnight
Why does the morning air feel cooler near water,Bodies of water release heat slowly
Why do people check their reminders in the morning,It helps them stay organized
Why do some people wake up with a sore scalp,Pressure from pillows or hair ties can cause discomfort
Why does the morning sun make colors look warmer,Low-angle light enhances warm tones
Why do people drink iced coffee in the morning,It provides caffeine without heat
Why do some people wake up with a salty taste,Dehydration concentrates saliva
Why does the morning sky look streaky with clouds,Wind shapes thin cloud layers
Why do people eat muffins in the morning,They’re convenient and filling
Why do some people wake up with a stiff elbow,Sleeping position can strain joints
Why does the morning air feel dense before rain,Humidity increases
Why do people check their heart rate in the morning,It indicates recovery and stress levels
Why do some people wake up with a sore nose,Rubbing or dryness can cause irritation
Why does the morning sun create sparkles on grass,Dew reflects sunlight
Why do people eat porridge in the morning,It provides warmth and slow energy
Why do some people wake up with a sore calf,Muscle cramps can occur overnight
Why does the morning sky look golden in autumn,Lower sun angles and dry air enhance warm colors
Why do people drink orange juice in the morning,It provides vitamin C
Why do some people wake up with a dry tongue,Dehydration or mouth breathing causes dryness
Why does the morning air feel crisp in fall,Cool temperatures and low humidity create sharpness
Why do people check their sleep score in the morning,They want to understand sleep quality
Why do some people wake up with a sore knee,Sleep posture or inflammation can cause pain
Why does the morning sun create long reflections on water,Low-angle light stretches reflections
Why do people eat croissants in the morning,They’re a traditional breakfast pastry
Why do some people wake up with a sore chest,Muscle tension or sleep position can contribute
Why does the morning sky look soft after snowfall,Snow diffuses light
Why do people drink chai in the morning,It provides warmth and spices
Why do some people wake up with a dry scalp,Dry air or bedding can cause dryness
Why does the morning air feel sharp in winter,Cold temperatures reduce moisture
Why do people check their hydration level in the morning,It helps maintain health
Why do some people wake up with a sore finger,Joint stiffness can occur overnight
Why does the morning sun create silhouettes,Low light behind objects forms strong outlines
Why do people eat breakfast burritos in the morning,They’re filling and portable
Why do some people wake up with a sore thigh,Sleep posture can strain muscles
Why does the morning sky look dusty in dry regions,Particles scatter sunlight
Why do people drink matcha in the morning,It provides calm energy and antioxidants
Why do some people wake up with a sore jaw hinge,Grinding or clenching causes tension
Why does the morning air feel warm after storms,Moisture traps heat
Why do people check their emails before breakfast,It helps them prepare for the day
Why do some people wake up with a sore toe,Pressure from bedding or posture can cause pain
Why does the morning sun create soft shadows,Fog or haze diffuses light
Why do people eat fruit bowls in the morning,They provide vitamins and hydration
Why do some people wake up with a sore rib,Sleeping position can compress muscles
Why does the morning sky look bright white in summer,High humidity scatters light
Why do people drink flavored water in the morning,It encourages hydration
Why do some people wake up with a sore ankle,Sleep posture or inflammation can cause discomfort
Why does the morning air feel warm in tropical areas,Nighttime temperatures stay high
Why do people check their alarms in the morning,They want to confirm wake times
Why do some people wake up with a sore forearm,Sleeping on the arm can cause strain
Why does the morning sun create halos around objects,Moisture scatters light
Why do people eat breakfast sandwiches in the morning,They’re convenient and filling
Why do some people wake up with a sore shin,Muscle tension or pressure can cause pain
Why does the morning sky look smoky during wildfires,Particles block sunlight
Why do people drink hot chocolate in the morning,It provides comfort and warmth
Why do some people wake up with a sore ear,Sleeping on one side can cause pressure
Why does the morning air feel cool in deserts,Heat escapes quickly overnight
Why do people check their bank notifications in the morning,It helps track spending
Why do some people wake up with a sore pinky finger,Joint stiffness can occur overnight
Why does the morning sun create sparkling reflections on cars,Condensation reflects light
Why do people eat cereal bars in the morning,They’re quick and portable
Why do some people wake up with a sore heel,Plantar tension can build overnight
Why does the morning sky look foggy near mountains,Moist air condenses at higher elevations
Why do people drink coconut water in the morning,It replenishes electrolytes
Why do some people wake up with a sore wrist joint,Sleep posture can strain tendons
Why does the morning air feel fresh after thunderstorms,Lightning breaks apart pollutants
Why do people check their notifications in the morning,It helps them catch up
Why do some people wake up with a sore hip joint,Inflammation or posture can cause pain
Why does the morning sun create warm highlights on buildings,Low-angle light enhances color
Why do people eat toast with jam in the morning,It’s simple and sweet
Why do some people wake up with a sore shoulder blade,Sleep posture can strain muscles
Why does the morning sky look orange after storms,Particles enhance warm colors
Why do people drink peppermint tea in the morning,It soothes digestion
Why do some people wake up with a sore thumb,Sleeping on the hand can cause pressure
Why does the morning air feel moist near forests,Trees release moisture overnight
Why do people check their fitness goals in the morning,It motivates them
Why do some people wake up with a sore neck muscle,Poor pillow support can cause strain
Why does the morning sun create golden reflections on windows,Low-angle light enhances brightness
Why do people eat scrambled eggs in the morning,They’re quick and nutritious
Why do some people wake up with a sore back muscle,Overnight tension can build
Why does the morning sky look blue-grey in winter,Cold air holds less moisture
Why do people drink warm water in the morning,It aids digestion
Why do some people wake up with a sore jaw muscle,Clenching during sleep causes tension
Why does the morning air feel crisp after frost,Frozen moisture reduces humidity
Why do people check their appointments in the morning,It helps them prepare for the day
What letter does the word 'sun' start with?,It starts with S — like a soft snake sound.
How many sides does a triangle have?,Three sides — like a slice of pizza.
What do plants need to grow?,"Sunlight, water, and soil — their version of snacks."
What number comes after 9?,That’s 10 — one more than nine.
How do we show kindness to a friend?,We use gentle words and helpful actions.
What shape has four equal sides?,A square — every side matches.
What sound does the letter B make?,"It makes a /b/ sound, like 'ball.'"
What season is the coldest?,Winter — the one with coats and cocoa.
What do we call the leader of a town?,The mayor — the helper-in-charge.
What do we call the big star we see during the day?,The Sun — our giant light bulb.
What do we call the person who draws pictures in a book?,The illustrator — the story artist.
What happens when you add 2 and 3?,You get 5 — a nice little math high-five.
What do animals need to live?,"Food, water, air, and a safe place."
What letter comes after A?,B — it’s next in line.
What do we call the place where a story happens?,The setting — the story’s home.
What do we call water falling from the sky?,Rain — nature’s shower.
What number comes before 12?,Eleven — it’s right in front.
What do we call the rules we follow in class?,Classroom rules — they help us learn together.
What do we call the change from caterpillar to butterfly?,Metamorphosis — a big fancy change.
What shape looks like a ball?,A sphere — round all over.
"What do we call someone who helps others, like firefighters?",Community helpers — everyday heroes.
What letter does 'dog' end with?,It ends with G — the /g/ sound.
What do we call the marks that end a sentence?,Punctuation — little stop signs.
What do we call the planet we live on?,Earth — our big blue home.
What do we call the first sound in a word?,The beginning sound — the starter noise.
What holiday celebrates the country’s birthday?,Independence Day — fireworks time.
What do we call the people who live near us?,Neighbors — the folks next door.
What happens when you take away 1 from 6?,You get 5 — one less than six.
What do we call a group of objects we can count?,A set — a bunch of things together.
What do we call the five tools on our face that help us sense things?,"Our five senses — seeing, hearing, smelling, tasting, touching."
What letter does 'fish' start with?,F — the soft /f/ sound.
What do we call the action in a sentence?,The verb — the doing word.
"What do we call the name of a person, place, or thing?",A noun — the naming word.
What do we call baby animals that hatch from eggs?,Hatchlings — tiny new babies.
"What do we call the big area where we live, work, and play?",A community — our shared space.
What do we call the person who writes a book?,The author — the storyteller.
What direction does the sun rise?,In the east — morning starts there.
What do we call the weather when tiny ice crystals fall?,"Snow — cold, fluffy magic."
What do we call the long sound E makes in 'tree'?,The long E sound — like saying its name.
What do we call the part of the story where we meet the characters?,The beginning — the story’s hello.
What do we call the change in weather from warm to cold?,A season change — fall moving in.
What do we call the money we use to buy things?,Currency — dollars and coins.
What do we call the shape with three corners?,A triangle — pointy and proud.
What do we call the tool that helps us see tiny things?,A magnifying glass — a little zoom helper.
What do we call the feeling when someone takes your toy?,Frustration — and it’s okay to feel it.
What do we call the sound at the end of 'cat'?,The /t/ sound — the last little tap.
What do we call the big group of stars we live in?,The Milky Way — our space neighborhood.
What do we call the picture symbols in math?,"Shapes — circles, squares, triangles."
What do we call the rule that says we wait our turn?,Taking turns — sharing time fairly.
What do we call the helper who teaches us music?,The music teacher — our song guide.
What do we call the feeling of being proud of ourselves?,That’s pride — the warm 'I did it' feeling.
What shape has no corners at all?,A circle — smooth all the way around.
What do we call the warmest season?,Summer — sunshine season.
What letter does 'ball' start with?,B — the /b/ sound.
What do we call the person who helps us learn in class?,The teacher — that’s me.
What happens when you add 1 and 4?,You get 5 — easy math magic.
What do we call frozen water?,Ice — cold and slippery.
What do we call the place where animals live?,Their habitat — their home in nature.
What number is one less than 8?,Seven — just one step down.
What do we call the big book of maps?,An atlas — a map collection.
What letter makes the /m/ sound?,M — like when you say 'mmm' for yummy food.
What do we call the story’s problem?,The conflict — what needs fixing.
What do we call the shape with five sides?,A pentagon — five straight edges.
What do we call the feeling when we miss someone?,That’s sadness — and it’s okay to feel it.
What do we call the big imaginary line around Earth’s middle?,The equator — Earth’s belt.
What do we call the thing plants use to make food from sunlight?,Photosynthesis — their cooking process.
What do we call the sound at the start of 'cat'?,The /k/ sound — sharp and quick.
What number comes after 14?,Fifteen — the next stop.
What do we call the person who delivers our mail?,A mail carrier — a community helper.
What do we call the shape that looks like a stretched circle?,An oval — long and round.
What do we call the tiny holes on our skin that help us sweat?,Pores — little cooling helpers.
What do we call the day we honor people who served in the military?,Veterans Day — a day to say thank you.
What do we call the imaginary line that runs north to south on maps?,Longitude — tall map lines.
What do we call the imaginary line that runs east to west?,Latitude — flat map lines.
What do we call the thing that tells us how hot or cold it is?,A thermometer — the temperature tool.
What do we call the part of the plant that grows underground?,The roots — the drinkers and holders.
What do we call the part of the plant that makes seeds?,The flower — the plant’s colorful helper.
What do we call the shape with six sides?,A hexagon — six straight edges.
What do we call the person who keeps our school safe?,The principal — the school leader.
What do we call the sound at the end of 'pig'?,The /g/ sound — the last bump.
What do we call the big body of salt water on Earth?,The ocean — huge and deep.
What do we call the place where we buy food?,The grocery store — snack central.
What do we call the thing we use to measure time?,A clock — the tick-tock helper.
What do we call the thing that shows us which way is north?,A compass — the direction finder.
What do we call the feeling when we’re excited and happy?,Joy — the bubbly feeling.
What do we call the shape with eight sides?,An octagon — like a stop sign.
What do we call the person who helps sick animals?,A veterinarian — the animal doctor.
What do we call the part of the story where everything gets fixed?,The ending — the story’s goodbye.
What do we call the big group of people living in one country?,A nation — a big community.
What do we call the thing that helps us hear?,Our ears — sound catchers.
What do we call the thing that helps us smell?,Our nose — the sniff sensor.
What do we call the thing that helps us taste?,Our tongue — the flavor finder.
What do we call the thing that helps us see?,Our eyes — the lookers.
What do we call the thing that helps us touch and feel?,Our skin — the sense wrapper.
What do we call the person who helps us stay healthy?,A doctor — the health helper.
What do we call the person who fixes our teeth?,A dentist — the tooth expert.
What do we call the big group of stars in the sky?,A constellation — a star picture.
What do we call the shape that looks like a diamond?,A rhombus — tilted square style.
What do we call the thing we use to color pictures?,Crayons — bright and waxy.
What do we call the feeling when we’re scared?,Fear — and it’s okay to talk about it.
What do we call the thing that keeps our body upright?,Our skeleton — the body's frame.
What letter does 'tree' start with?,"T — the tall, straight one."
What do we call the big ball of rock we live on?,Earth — our home planet.
What number is one more than 15?,Sixteen — just one step up.
What do we call the person who helps us check out books?,A librarian — the book helper.
What do we call the shape with ten sides?,A decagon — lots of edges.
What do we call the feeling when we’re calm and relaxed?,Peace — the quiet feeling.
What do we call the thing that helps plants stand tall?,The stem — the plant’s support pole.
What do we call the part of the plant that makes food?,The leaves — the plant’s kitchen.
What letter makes the /s/ sound?,S — the soft snake sound.
What do we call the big blanket of air around Earth?,The atmosphere — our air layer.
What do we call the person who helps us cross the street safely?,A crossing guard — the safety helper.
What do we call the shape that looks like a slice of pie?,A semicircle — half a circle.
What do we call the feeling when we’re angry?,Anger — and it’s okay to talk about it.
What do we call the thing that shows us the weather?,A weather report — the sky’s update.
What do we call the big group of land on Earth?,A continent — a huge land area.
What do we call the sound at the start of 'bat'?,The /b/ sound — a quick pop.
What number comes after 19?,Twenty — a new row of numbers.
What do we call the person who helps keep our school clean?,A custodian — the cleanup hero.
What do we call the thing that helps us breathe?,Our lungs — air balloons inside us.
What do we call the shape with two long sides and two short sides?,A rectangle — long and short pairs.
What do we call the thing that helps us move our body?,Muscles — the pullers and pushers.
What do we call the day we celebrate giving thanks?,Thanksgiving — gratitude day.
What do we call the thing that helps us stay balanced?,Our inner ear — the balance center.
What do we call the sound at the end of 'bus'?,The /s/ sound — a soft hiss.
What do we call the big group of people who live in the same area?,A community — people living together.
What do we call the thing that helps us see faraway stars?,A telescope — the space viewer.
What do we call the person who paints pictures?,An artist — the color creator.
What do we call the thing that helps us keep rhythm in music class?,A drum — the beat maker.
What do we call the thing that helps us cool off on hot days?,A fan — the breeze maker.
What do we call the thing that helps us warm up on cold days?,A heater — the cozy maker.
What do we call the sound in the middle of 'cat'?,The /a/ sound — the open mouth sound.
What do we call the thing that helps us write?,A pencil — the writing stick.
What do we call the person who helps us learn new games in PE?,The coach — the movement guide.
What do we call the big group of animals that live together?,A herd — animals hanging out.
What do we call the thing that helps us stay safe in a car?,A seatbelt — the safety strap.
What do we call the thing that helps us float in water?,A life jacket — the floaty helper.
What do we call the thing that helps us measure how long something is?,A ruler — the length checker.
What do we call the thing that helps us count beats in music?,A metronome — the steady ticker.
What do we call the thing that helps us mix colors in art?,A palette — the color tray.
What do we call the feeling when we’re surprised?,Surprise — the 'whoa' feeling.
What do we call the thing that helps us stay organized at school?,A folder — the paper keeper.
What do we call the person who drives the school bus?,The bus driver — the ride helper.
What do we call the thing that helps us know where we are on Earth?,A map — the location guide.
What do we call the big ball of gas in the sky at night?,A star — a glowing space ball.
What do we call the thing that helps us clean our hands?,Soap — the germ fighter.
What do we call the thing that helps us cut paper?,Scissors — the snip tool.
What do we call the thing that helps us glue things together?,Glue — the sticky helper.
What do we call the thing that helps us erase mistakes?,An eraser — the fix-it friend.
What do we call the thing that helps us stay hydrated?,Water — the body’s favorite drink.
What do we call the thing that helps us hear music?,Our ears — the sound catchers.
What number is one less than 20?,Nineteen — just one step down.
What do we call the person who helps us learn new songs?,The music teacher — our melody guide.
What do we call the thing that helps us see tiny bugs?,A magnifying glass — the zoom helper.
What letter does 'hat' start with?,H — the breathy /h/ sound.
What do we call the big ball of fire in space?,The Sun — our giant heater.
What do we call the feeling when we’re nervous?,Nervousness — the fluttery feeling.
What do we call the shape with four sides but not all equal?,"A rectangle — two long, two short."
What do we call the thing that helps us stay safe on a bike?,A helmet — the head protector.
What do we call the person who grows our food?,A farmer — the plant and animal helper.
What do we call the thing that helps us know the day of the week?,A calendar — the date keeper.
What do we call the sound at the start of 'goat'?,The /g/ sound — a strong start.
What do we call the thing that helps us mix paint?,A brush — the color mover.
What do we call the big group of water that flows?,A river — moving water.
What do we call the thing that helps us stay dry in the rain?,An umbrella — the rain blocker.
What do we call the feeling when we’re confused?,Confusion — the 'hmm?' feeling.
What do we call the person who helps us buy things at a store?,A cashier — the checkout helper.
What do we call the thing that helps us see our reflection?,A mirror — the look-back tool.
What do we call the sound at the end of 'frog'?,The /g/ sound — the last bump.
What do we call the big group of people who make laws?,The government — the rule makers.
What do we call the thing that helps us cool food?,A refrigerator — the food chiller.
What do we call the thing that helps us heat food?,A microwave — the quick cooker.
What do we call the thing that helps us wash clothes?,A washing machine — the clothes cleaner.
What do we call the thing that helps us dry clothes?,A dryer — the warm spinner.
What do we call the shape that looks like a mountain?,A triangle — pointy on top.
What do we call the thing that helps us stay safe in the pool?,A lifeguard — the water watcher.
What do we call the person who helps us learn new words?,A teacher — the word helper.
What do we call the thing that helps us know how fast we’re going?,A speedometer — the speed reader.
What do we call the thing that helps us see in the dark?,A flashlight — the night helper.
What do we call the feeling when we’re proud of a friend?,That’s being supportive — cheering them on.
What do we call the thing that helps us measure weight?,A scale — the weight checker.
What do we call the person who helps us learn about art?,The art teacher — the creativity guide.
What do we call the thing that helps us stay safe in the sun?,Sunscreen — the skin protector.
What do we call the sound in the middle of 'dog'?,The /o/ sound — the open vowel.
What do we call the thing that helps us know which way the wind blows?,A weather vane — the wind pointer.
What do we call the person who helps us learn to read?,A reading teacher — the book buddy.
What do we call the thing that helps us clean the floor?,A broom — the sweeping stick.
What do we call the thing that helps us draw straight lines?,A ruler — the line maker.
What do we call the big group of stars that form a picture?,A constellation — a sky drawing.
What do we call the thing that helps us stay safe at night?,A night-light — the gentle glow.
What do we call the person who helps us learn about numbers?,A math teacher — the number guide.
What do we call the thing that helps us cook food on the stove?,A pot — the cooking container.
What do we call the thing that helps us stir soup?,A spoon — the mixing helper.
What do we call the thing that helps us open jars?,Our hands — the twist tools.
What do we call the thing that helps us climb safely?,A ladder — the step helper.
What do we call the feeling when we’re excited to try something new?,Curiosity — the 'let’s see' feeling.
What do we call the thing that helps us zip our coat?,A zipper — the up-and-down helper.
What do we call the thing that helps us tie our shoes?,Shoelaces — the loop makers.
What do we call the thing that helps us stay warm in winter?,A coat — the cozy cover.
What do we call the thing that helps us carry our school supplies?,A backpack — the school carrier.
What do we call the thing that helps us breathe out air?,Our lungs — the air movers.
What number comes after 25?,Twenty-six — the next stop on the number train.
What do we call the person who helps us learn to draw?,The art teacher — the creativity coach.
What do we call the thing that helps us stay dry after a bath?,A towel — the soft dryer.
What do we call the sound at the start of 'sun'?,The /s/ sound — a gentle hiss.
What do we call the big group of people who live in a city?,A population — all the people together.
What do we call the thing that helps us stay safe in the hallway?,Walking feet — slow and steady.
What do we call the shape that looks like a box?,A cube — a 3D square.
What do we call the thing that helps us know when to stop at a light?,A red light — the stop signal.
What do we call the feeling when we’re worried?,Worry — the tight tummy feeling.
What do we call the thing that helps us clean our teeth?,A toothbrush — the scrubber.
What do we call the thing that helps us keep papers together?,A stapler — the click-clamp tool.
What do we call the person who helps us learn to move our bodies?,The PE teacher — the movement guide.
What do we call the thing that helps us hear better in a big room?,A microphone — the voice booster.
What do we call the sound at the end of 'cat'?,The /t/ sound — a tiny tap.
What do we call the thing that helps us stay safe on the playground?,Rules — they keep everyone safe.
What do we call the person who helps us learn about science?,A science teacher — the experiment guide.
What do we call the thing that helps us cool down on a hot day?,Cold water — the best refresher.
What do we call the shape that looks like a donut?,A torus — a circle with a hole.
What do we call the thing that helps us stay safe in the kitchen?,Oven mitts — the heat blockers.
What do we call the feeling when we’re happy for someone else?,Being supportive — cheering them on.
What do we call the thing that helps us find books in the library?,Book labels — the shelf helpers.
What do we call the person who helps us learn new dances?,A dance teacher — the rhythm coach.
What do we call the thing that helps us stay safe in the car?,A car seat — the kid protector.
What do we call the sound in the middle of 'sun'?,The /u/ sound — short and quick.
What do we call the thing that helps us see colors?,Our eyes — the color catchers.
What do we call the person who helps us learn about history?,A social studies teacher — the past guide.
What do we call the thing that helps us stay safe in the dark?,A flashlight — the bright helper.
What do we call the shape that looks like a heart?,A heart shape — curvy and sweet.
What do we call the thing that helps us stay safe near water?,A lifeguard — the water watcher.
What do we call the feeling when we’re excited?,Excitement — the jumpy feeling.
What do we call the thing that helps us cut food?,A knife — the slicing tool.
What do we call the person who helps us learn to sing?,A music teacher — the voice coach.
What do we call the thing that helps us stay safe in the sun?,A hat — shade for your face.
What do we call the sound at the start of 'pig'?,The /p/ sound — a little pop.
What do we call the thing that helps us stay warm at night?,A blanket — the cozy cover.
What do we call the person who helps us learn to write?,A writing teacher — the pencil guide.
What do we call the thing that helps us clean up spills?,A paper towel — the quick helper.
What do we call the shape with three points?,A triangle — pointy and proud.
What do we call the thing that helps us stay safe on the bus?,Sitting still — the safety rule.
What do we call the person who helps us learn about animals?,A science teacher — the animal helper.
What do we call the thing that helps us stay safe crossing the street?,Looking both ways — left and right.
What do we call the sound at the end of 'bed'?,The /d/ sound — a soft stop.
What do we call the thing that helps us stay organized at home?,A basket — the tidy helper.
What do we call the person who helps us learn to count?,A math teacher — the number coach.
What do we call the thing that helps us stay safe in storms?,Shelter — a safe place inside.
What do we call the shape that looks like a star?,A star shape — pointy and bright.
What do we call the thing that helps us stay safe in crowds?,Holding hands — the stay-close rule.
What do we call the person who helps us learn new games?,A PE teacher — the game guide.
What do we call the thing that helps us stay safe around strangers?,Staying with a trusted adult — the safety rule.
What do we call the thing that helps us stay safe when cooking?,A grown-up helper — the kitchen safety buddy.
What do we call the sound at the start of 'kite'?,The /k/ sound — sharp and quick.
What do we call the thing that helps us stay warm outside?,A jacket — the outdoor cozy layer.
What do we call the person who helps us learn about music?,A music teacher — the tune guide.
What do we call the thing that helps us stay safe in the bathtub?,A non-slip mat — the no-fall helper.
What do we call the feeling when we’re embarrassed?,Embarrassment — the warm-cheeks feeling.
What do we call the thing that helps us know how tall we are?,A measuring chart — the height tracker.
What do we call the shape that looks like a long skinny rectangle?,A rectangle — stretched out and straight.
What do we call the thing that helps us stay safe on stairs?,A handrail — the hold-on helper.
What do we call the person who helps us learn to read stories?,A reading teacher — the story guide.
What do we call the thing that helps us stay cool in summer?,Shade — nature’s umbrella.
What do we call the sound at the end of 'map'?,The /p/ sound — a tiny pop.
What do we call the thing that helps us stay safe in the hallway?,Walking feet — slow and steady.
What do we call the person who helps us learn about shapes?,A math teacher — the shape helper.
What do we call the thing that helps us stay safe in the kitchen?,A timer — the don’t-burn-it helper.
What do we call the shape that looks like a triangle but 3D?,A pyramid — pointy on top.
What do we call the thing that helps us stay safe at recess?,Listening to the teacher — the safety rule.
What do we call the person who helps us learn about weather?,A science teacher — the sky helper.
What do we call the thing that helps us stay safe in the car?,A seatbelt — the buckle-up buddy.
What do we call the sound in the middle of 'bed'?,The /e/ sound — short and quick.
What do we call the thing that helps us stay safe when crossing the street?,A crosswalk — the safe walking zone.
What do we call the person who helps us learn to count money?,A math teacher — the coin coach.
What do we call the thing that helps us stay safe in the pool?,A pool noodle — the floaty friend.
What do we call the shape that looks like a square but 3D?,A cube — box-shaped and solid.
What do we call the thing that helps us stay safe in storms?,A safe room — the stay-inside spot.
What do we call the person who helps us learn about our feelings?,A counselor — the feelings helper.
What do we call the thing that helps us stay safe on the playground slide?,Sitting down — the safe sliding rule.
What do we call the sound at the start of 'zoo'?,The /z/ sound — a buzzing start.
What do we call the thing that helps us stay safe when painting?,A smock — the mess protector.
What do we call the person who helps us learn to build things?,A teacher — the building guide.
What do we call the thing that helps us stay safe in the dark?,A night-light — the gentle glow.
What do we call the shape that looks like a circle but 3D?,A sphere — round all over.
What do we call the thing that helps us stay safe when running?,Looking ahead — the don’t-trip rule.
What do we call the person who helps us learn to share?,A teacher — the sharing coach.
What do we call the thing that helps us stay safe in the kitchen?,A pot holder — the heat helper.
What do we call the sound at the end of 'log'?,The /g/ sound — the last bump.
What do we call the thing that helps us stay safe in the sun?,Sunglasses — the eye protectors.
What do we call the person who helps us learn about space?,A science teacher — the space guide.
What do we call the thing that helps us stay safe on a scooter?,A helmet — the head saver.
What do we call the shape that looks like a rectangle but 3D?,A rectangular prism — long and boxy.
What do we call the thing that helps us stay safe when using scissors?,Holding them by the handles — the safe carry rule.
What do we call the person who helps us learn to be kind?,A teacher — the kindness coach.
What do we call the thing that helps us stay safe in the rain?,Rain boots — splash protectors.
What do we call the sound in the middle of 'hop'?,The /o/ sound — short and round.
What do we call the thing that helps us stay safe when climbing?,Using both hands — the climbing rule.
What do we call the person who helps us learn about our community?,A social studies teacher — the community guide.
What do we call the thing that helps us stay safe when carrying things?,Two hands — the steady helpers.
What do we call the shape that looks like a circle cut in half?,A semicircle — half a circle.
What do we call the thing that helps us stay safe when eating?,Chewing slowly — the safe eating rule.
What do we call the person who helps us learn to listen?,A teacher — the listening guide.
What do we call the thing that helps us stay safe when playing tag?,Tagging gently — the soft-touch rule.
How do you get a value from a Map variable in Blueprint?,Use the Find node. Drag off your Map variable and search for Find. Plug the Key into the Key pin and it returns the Value.
How do you set a value in a Map variable in Blueprint?,Use the Add node on the Map. Plug in the Key and Value pins. If the key already exists it will overwrite the value.
How do you get a single row from a Data Table in Blueprint?,Use the Get Data Table Row node. Set the Data Table asset on the node and plug a Name into the Row Name pin. It returns the Out Row struct.
How do you read a field from a Data Table row?,After Get Data Table Row drag off the Out Row pin and search for Break followed by your struct name. This exposes all the fields.
How do you get all row names from a Data Table?,Use the Get Data Table Row Names node. Set the Table pin to your Data Table asset. It returns an array of Names.
How do you loop through all rows in a Data Table?,Use Get Data Table Row Names to get the array then feed it into a For Each Loop. Inside the loop use Get Data Table Row with the Array Element as the Row Name.
How do you get a value from a Struct variable?,Drag off the struct variable pin and search for Break followed by the struct name. This exposes all the individual fields.
How do you set a value inside a Struct variable?,Drag off the struct variable and search for Set members in followed by the struct name. You can then set individual fields.
How do you check if a key exists in a Map?,Use the Contains node on the Map. Plug the Key in and it returns a boolean true if the key exists.
How do you remove a key from a Map?,Use the Remove node on the Map. Plug the Key in and it will remove that entry from the Map.
How do you get the number of entries in a Map?,Use the Length node on the Map variable. It returns an integer count of all key value pairs.
How do you initialize a Map at game start?,Use Event Begin Play and loop through your data source adding each Key and Value using the Add node on the Map.
What is the difference between a pure function and a regular function in Blueprint?,A pure function has no execution pins and can be called anywhere without breaking the execution chain. A regular function has execution pins and must be wired into the execution flow.
How do you create a custom event dispatcher in Blueprint?,In the My Blueprint panel find Event Dispatchers and click the plus button. Name it and add input parameters in the details panel.
How do you call an event dispatcher in Blueprint?,Drag the dispatcher from the My Blueprint panel into the graph and select Call. Wire it into your execution chain and fill in the input pins.
How do you bind to an event dispatcher in Blueprint?,Drag the dispatcher into the graph and select Bind. Connect the Event pin to a custom event node that will run when the dispatcher fires.
How do you get a component from an actor in Blueprint?,Use the Get Component by Class node. Feed in the actor reference and select your component class from the dropdown.
How do you get the Player Controller in Blueprint?,Use the Get Player Controller node. Pass in 0 for Player Index to get the first player.
How do you get the Player Character in Blueprint?,Use the Get Player Character node. Pass in 0 for Player Index to get the first player character.
How do you increment an integer by 1 in Blueprint?,Use the Increment Int node. Drag off your integer variable and search for the double plus symbol or Increment.
How do you clamp a float value in Blueprint?,Use the Clamp Float node. Plug your value into Value and set the Min and Max pins.
How do you subtract two floats in Blueprint?,Use the Float minus Float node. Drag off any float pin and type the minus symbol or search subtract.
How do you check if one float is greater than or equal to another?,Use the Float >= Float node. Returns true if the first value is greater than or equal to the second.
How do you check if an integer is greater than or equal to another?,Use the Integer >= Integer node. Returns true if the first value is greater than or equal to the second.
How do you divide two floats to get a percentage in Blueprint?,Use the Float divided by Float node. For example CurrentXP divided by MaxXP gives a 0 to 1 value usable in a progress bar.
How do you play a sound in Blueprint without a location?,Use the Play Sound 2D node. Plug a Sound Cue or Sound Wave asset into the Sound pin.
How do you add a component to a Blueprint class?,Open the Blueprint and in the Components panel at the top left click Add and search for your component class.
How do you make a function pure in Blueprint?,Select the function in the My Blueprint panel. In the Details panel on the right check the Pure checkbox.
How do you add inputs to a function in Blueprint?,Click on the function entry node in the graph. In the Details panel click the plus button next to Inputs and set the name and type.
How do you add outputs to a function in Blueprint?,Click on the function entry node or return node. In the Details panel click the plus button next to Outputs and set the name and type.
How do you create a local variable inside a function in Blueprint?,Click on the function entry node. In the Details panel under Local Variables click the plus button and set the name and type.
How do you promote a value to a variable in Blueprint?,Right click on any output pin and select Promote to Variable. It creates a new variable and wires it automatically.
How do you print a value to the screen for debugging in Blueprint?,Use the Print String node. Convert your value to a string first using the To String conversion node then plug it into the In String pin.
How do you convert a float to a string in Blueprint?,Drag off any float pin and search for To String Float. It returns a string version of the value.
How do you convert an integer to a string in Blueprint?,Drag off any integer pin and search for To String Integer. It returns a string version of the value.
How do you use a Branch node in Blueprint?,The Branch node is like an if statement. Plug a boolean into the Condition pin. True and False are separate execution paths.
How do you get a boolean result from a comparison in Blueprint?,Use any comparison node like >= or == and wire the result boolean into a Branch node Condition pin.
How do you find the remainder after a subtraction in Blueprint?,Use Float minus Float. For example CurrentXP minus MaxXP gives you the leftover XP after a level up.
What node do you use to set a Map value back after modifying it?,Use the Add node on the Map with the same Key. If the key exists it overwrites the old value with the new one.
How do you access a Data Table asset reference in Blueprint?,Create a variable of type Data Table Object Reference. In the Details panel set the default value to your Data Table asset.
How do you loop through an array in Blueprint?,Feed the array into a For Each Loop node. The Array Element pin gives you each item and Array Index gives the position.
How do you get the length of an array in Blueprint?,Use the Length node on the array. It returns an integer of how many items are in the array.
How do you add an item to an array in Blueprint?,Use the Add node on the array variable. Plug the item into the New Item pin.
How do you clear all entries from a Map in Blueprint?,Use the Clear node on the Map variable. This removes all key value pairs from the Map.
How do you use Event Begin Play in a component Blueprint?,In the Event Graph right click and search Event Begin Play. This fires when the component initializes and is used to set up default values.
How do you duplicate a function in Blueprint?,Right click the function name in the My Blueprint panel and select Duplicate. Rename the copy in the Details panel.
How do you make a Map with a Name key and Float value in Blueprint?,Create a new variable. Set the type to Map. Set the Key type to Name and the Value type to Float.
How do you make a Map with a Name key and Integer value in Blueprint?,Create a new variable. Set the type to Map. Set the Key type to Name and the Value type to Integer.
How do you wire execution pins in Blueprint?,Drag from the white triangle output pin on one node to the white triangle input pin on the next node to create an execution connection.
How do you re-route a wire in Blueprint to keep it tidy?,Double click on any wire to add a reroute node. This lets you bend wires around other nodes to keep the graph readable.
How do you get a struct field without breaking the whole struct?,Drag off the struct pin and search for the field name directly. UE5 often lets you access individual members without a full Break node.
How do you check if a Data Table row was found successfully?,The Get Data Table Row node has a Row Found and Row Not Found execution pin. Wire your logic off Row Found to ensure the row exists before using it.
How do you set a default value for a variable in Blueprint?,Compile the Blueprint first. Then select the variable in the My Blueprint panel and in the Details panel set the Default Value field.
How do you call a function from another Blueprint in UE5?,Get a reference to the other Blueprint first using Get Component by Class or a cast. Then drag off the reference and search for the function name.
How do you use a Select node in Blueprint?,The Select node returns different values based on an index or boolean input. Wire a boolean into the Index pin and set the A and B pins for false and true outputs.
How do you convert a Name to a String in Blueprint?,Drag off any Name pin and search for Name To String. It returns a readable string version of the Name value.
How do you convert a String to a Name in Blueprint?,Drag off any String pin and search for String To Name. It returns a Name type usable as a Map key or row name.
How do you use a Format Text node in Blueprint?,Right click and search Format Text. In the Format field type your text with variables in curly braces like Level: {0}. Wire your values into the numbered pins.
How do you get a random integer between two values in Blueprint?,Use the Random Integer in Range node. Set the Min and Max pins to define the range.
How do you get a random float between two values in Blueprint?,Use the Random Float in Range node. Set the Min and Max pins to define the range.
